FIRM,ESTAB,EMP,FIRMDEATH_FIRMS,ESTABS_ENTRY,ESTABS_EXIT,JOB_CREATION,JOB_DESTRUCTION,NET_JOB_CREATION,FAGE,YEAR,STARTUP_RATE,EXIT_RATE,JOB_CREATION_RATE,JOB_DESTRUCTION_RATE,FIRM_DEATH_RATE,FIRM_AGE_LABEL
3560318,4327552,70255157,326436,642576,472488,14243986,9071844,5172142,1,1978,14.85,10.92,20.27,12.91,9.17,Total
488103,495319,2551109,0,495319,0,2551111,0,2551078,10,1978,100.0,0.0,100.0,0.0,0.0,0 (Startups)
355261,365807,2346882,98384,4618,123739,808300,761075,47225,20,1978,1.26,33.83,34.44,32.43,27.69,1 year
0,0,0,0,0,0,0,0,0,30,1978,,,,,,2 years
0,0,0,0,0,0,0,0,0,40,1978,,,,,,3 years
0,0,0,0,0,0,0,0,0,50,1978,,,,,,4 years
0,0,0,0,0,0,0,0,0,60,1978,,,,,,5 years
355261,365807,2346882,98384,4618,123739,808300,761075,47225,65,1978,1.26,33.83,34.44,32.43,27.69,1-5 years
0,0,0,0,0,0,0,0,0,70,1978,,,,,,6-10 years
0,0,0,0,0,0,0,0,0,75,1978,,,,,,11+ years
0,0,0,0,0,0,0,0,0,80,1978,,,,,,11-15 years
0,0,0,0,0,0,0,0,0,90,1978,,,,,,16-20 years
0,0,0,0,0,0,0,0,0,100,1978,,,,,,21-25 years
0,0,0,0,0,0,0,0,0,110,1978,,,,,,26+ years
2716954,3466426,65357166,228052,142639,348744,10906672,8312275,2594397,150,1978,4.11,10.06,16.69,12.72,8.39,Left Censored
3692635,4486597,74714428,330913,616415,467871,13690518,9418503,4272015,1,1979,13.74,10.43,18.32,12.61,8.96,Total
473471,477890,2421550,0,477890,0,2421551,0,2421526,10,1979,100.0,0.0,100.0,0.0,0.0,0 (Startups)
363322,371343,2448449,100174,1742,124846,790432,854078,-63646,20,1979,0.47,33.62,32.28,34.88,27.57,1 year
308021,319344,2314137,49776,15000,63358,592031,642275,-50244,30,1979,4.7,19.84,25.58,27.75,16.16,2 years
0,0,0,0,0,0,0,0,0,40,1979,,,,,,3 years
0,0,0,0,0,0,0,0,0,50,1979,,,,,,4 years
0,0,0,0,0,0,0,0,0,60,1979,,,,,,5 years
671343,690687,4762586,149950,16742,188204,1382216,1496089,-113873,65,1979,2.42,27.25,29.02,31.41,22.34,1-5 years
0,0,0,0,0,0,0,0,0,70,1979,,,,,,6-10 years
0,0,0,0,0,0,0,0,0,75,1979,,,,,,11+ years
0,0,0,0,0,0,0,0,0,80,1979,,,,,,11-15 years
0,0,0,0,0,0,0,0,0,90,1979,,,,,,16-20 years
0,0,0,0,0,0,0,0,0,100,1979,,,,,,21-25 years
0,0,0,0,0,0,0,0,0,110,1979,,,,,,26+ years
2547821,3318020,67530292,180963,121783,279663,9907982,7926142,1981840,150,1979,3.67,8.43,14.67,11.74,7.1,Left Censored
3739767,4551584,75065997,369565,578750,514594,11777171,11375697,401474,1,1980,12.72,11.31,15.69,15.15,9.88,Total
439667,443871,2229281,0,443871,0,2229281,0,2229267,10,1980,100.0,0.0,100.0,0.0,0.0,0 (Startups)
345878,351389,2199850,103706,1470,127490,639886,848434,-208548,20,1980,0.42,36.28,29.09,38.57,29.98,1 year
305594,314351,2191933,56721,14075,70912,493089,742617,-249528,30,1980,4.48,22.56,22.5,33.88,18.56,2 years
269879,282012,2169116,39201,12934,50408,456292,609814,-153522,40,1980,4.59,17.87,21.04,28.11,14.53,3 years
0,0,0,0,0,0,0,0,0,50,1980,,,,,,4 years
0,0,0,0,0,0,0,0,0,60,1980,,,,,,5 years
921351,947752,6560899,199628,28479,248810,1589037,2200576,-611539,65,1980,3.0,26.25,24.22,33.54,21.67,1-5 years
0,0,0,0,0,0,0,0,0,70,1980,,,,,,6-10 years
0,0,0,0,0,0,0,0,0,75,1980,,,,,,11+ years
0,0,0,0,0,0,0,0,0,80,1980,,,,,,11-15 years
0,0,0,0,0,0,0,0,0,90,1980,,,,,,16-20 years
0,0,0,0,0,0,0,0,0,100,1980,,,,,,21-25 years
0,0,0,0,0,0,0,0,0,110,1980,,,,,,26+ years
2378749,3159961,66275817,169937,106400,265780,7979853,9180035,-1200182,150,1980,3.37,8.41,12.04,13.85,7.14,Left Censored
3768498,4611616,75788714,377392,586119,523076,12133261,11385235,748026,1,1981,12.71,11.34,16.01,15.02,10.01,Total
430100,432316,2391817,0,432316,0,2391811,0,2391723,10,1981,100.0,0.0,100.0,0.0,0.0,0 (Startups)
321423,327023,2108540,95703,1996,118258,644373,761224,-116851,20,1981,0.61,36.16,30.56,36.1,29.77,1 year
289737,296421,2053461,55714,14271,69282,497941,649638,-151697,30,1981,4.81,23.37,24.25,31.64,19.23,2 years
265183,274991,2063614,41422,13822,53009,455307,582926,-127619,40,1981,5.03,19.28,22.06,28.25,15.62,3 years
239427,252683,2089475,30925,11351,40744,422349,514571,-92222,50,1981,4.49,16.12,20.21,24.63,12.92,4 years
0,0,0,0,0,0,0,0,0,60,1981,,,,,,5 years
1115770,1151118,8315090,223764,41440,281293,2019696,2508095,-488399,65,1981,3.6,24.44,24.29,30.16,20.05,1-5 years
0,0,0,0,0,0,0,0,0,70,1981,,,,,,6-10 years
0,0,0,0,0,0,0,0,0,75,1981,,,,,,11+ years
0,0,0,0,0,0,0,0,0,80,1981,,,,,,11-15 years
0,0,0,0,0,0,0,0,0,90,1981,,,,,,16-20 years
0,0,0,0,0,0,0,0,0,100,1981,,,,,,21-25 years
0,0,0,0,0,0,0,0,0,110,1981,,,,,,26+ years
2222628,3028182,65081807,153628,112363,241779,7746077,8882028,-1135951,150,1981,3.71,7.98,11.9,13.65,6.91,Left Censored
3741859,4617059,74973839,406493,575231,571371,11842874,12547526,-704652,1,1982,12.46,12.38,15.8,16.74,10.86,Total
418627,425078,2272281,0,425078,0,2272284,0,2272242,10,1982,100.0,0.0,100.0,0.0,0.0,0 (Startups)
309361,315806,2198045,97391,4564,118816,685057,844944,-159887,20,1982,1.45,37.62,31.17,38.44,31.48,1 year
263904,271464,1888813,54012,12136,66645,454327,649152,-194825,30,1982,4.47,24.55,24.05,34.37,20.47,2 years
245298,253590,1855364,41982,10942,52958,392534,554966,-162432,40,1982,4.31,20.88,21.16,29.91,17.11,3 years
229823,241229,1910172,33304,10325,43601,382618,527032,-144414,50,1982,4.28,18.07,20.03,27.59,14.49,4 years
211296,225741,1946289,26905,9525,36683,355590,497330,-141740,60,1982,4.22,16.25,18.27,25.55,12.73,5 years
1259682,1307830,9798683,253594,47492,318703,2269474,3072852,-803378,65,1982,3.63,24.37,23.16,31.36,20.13,1-5 years
0,0,0,0,0,0,0,0,0,70,1982,,,,,,6-10 years
0,0,0,0,0,0,0,0,0,75,1982,,,,,,11+ years
0,0,0,0,0,0,0,0,0,80,1982,,,,,,11-15 years
0,0,0,0,0,0,0,0,0,90,1982,,,,,,16-20 years
0,0,0,0,0,0,0,0,0,100,1982,,,,,,21-25 years
0,0,0,0,0,0,0,0,0,110,1982,,,,,,26+ years
2063550,2884151,62902875,152899,102661,252667,7324975,9480567,-2155592,150,1982,3.56,8.76,11.64,15.07,7.41,Left Censored
3830757,4712899,74041185,363000,624610,529238,12171587,13106655,-935068,1,1983,13.25,11.23,16.44,17.7,9.48,Total
456610,460854,2518506,0,460854,0,2518506,0,2518498,10,1983,100.0,0.0,100.0,0.0,0.0,0 (Startups)
314213,322117,2094651,83991,2202,104122,592153,766667,-174514,20,1983,0.68,32.32,28.27,36.6,26.73,1 year
261040,268621,1995921,46873,11718,58603,439132,631376,-192244,30,1983,4.36,21.82,22.0,31.63,17.96,2 years
231160,239830,1755023,34235,12086,43590,366604,502781,-136177,40,1983,5.04,18.18,20.89,28.65,14.81,3 years
219104,228217,1727370,28209,11335,36395,336292,454768,-118476,50,1983,4.97,15.95,19.47,26.33,12.87,4 years
208696,221346,1814230,23364,11692,31447,350671,449372,-98701,60,1983,5.28,14.21,19.33,24.77,11.2,5 years
1234213,1280131,9387195,216672,49033,274157,2084348,2804348,-720000,65,1983,3.83,21.42,22.2,29.87,17.56,1-5 years
194084,209208,1824236,19736,10379,27050,327388,443769,-116381,70,1983,4.96,12.93,17.95,24.33,10.17,6-10 years
0,0,0,0,0,0,0,0,0,75,1983,,,,,,11+ years
0,0,0,0,0,0,0,0,0,80,1983,,,,,,11-15 years
0,0,0,0,0,0,0,0,0,90,1983,,,,,,16-20 years
0,0,0,0,0,0,0,0,0,100,1983,,,,,,21-25 years
0,0,0,0,0,0,0,0,0,110,1983,,,,,,26+ years
1945850,2762706,60311248,126592,104344,228028,7266899,9862595,-2595696,150,1983,3.78,8.25,12.05,16.35,6.51,Left Censored
4001390,4904516,78673113,364750,699054,509404,14767652,9971582,4796070,1,1984,14.25,10.39,18.77,12.67,9.12,Total
529584,533941,2799017,0,533941,0,2799014,0,2798951,10,1984,100.0,0.0,100.0,0.0,0.0,0 (Startups)
341458,346613,2511871,93476,1188,114328,817126,802978,14148,20,1984,0.34,32.98,32.53,31.97,27.38,1 year
267742,275702,2093535,45568,9850,56014,545636,519654,25982,30,1984,3.57,20.32,26.06,24.82,17.02,2 years
231987,239638,2047645,31871,10608,39786,481425,427335,54090,40,1984,4.43,16.6,23.51,20.87,13.74,3 years
210054,218684,1811825,24870,9971,31812,409944,350484,59460,50,1984,4.56,14.55,22.63,19.34,11.84,4 years
201294,210292,1769755,21614,10007,28197,377872,334207,43665,60,1984,4.76,13.41,21.35,18.88,10.74,5 years
1252535,1290929,10234631,217399,41624,270137,2631289,2433764,197525,65,1984,3.22,20.93,25.71,23.78,17.36,1-5 years
375647,403949,3753397,34726,19630,46816,766942,648080,118862,70,1984,4.86,11.59,20.43,17.27,9.24,6-10 years
0,0,0,0,0,0,0,0,0,75,1984,,,,,,11+ years
0,0,0,0,0,0,0,0,0,80,1984,,,,,,11-15 years
0,0,0,0,0,0,0,0,0,90,1984,,,,,,16-20 years
0,0,0,0,0,0,0,0,0,100,1984,,,,,,21-25 years
0,0,0,0,0,0,0,0,0,110,1984,,,,,,26+ years
1843624,2675697,61886068,112625,103859,192449,8597761,6894812,1702949,150,1984,3.88,7.19,13.89,11.14,6.11,Left Censored
4073155,4986221,81575122,431677,682923,600922,14898854,12019412,2879442,1,1985,13.7,12.05,18.26,14.73,10.6,Total
512439,516830,2941115,0,516830,0,2941112,0,2941075,10,1985,100.0,0.0,100.0,0.0,0.0,0 (Startups)
392937,398485,2775557,111478,1287,135991,892094,927441,-35347,20,1985,0.32,34.13,32.14,33.41,28.37,1 year
283937,289586,2415822,56744,11990,68929,647869,732663,-84794,30,1985,4.14,23.8,26.82,30.33,19.98,2 years
235296,243328,2025682,34835,10928,43165,452499,492849,-40350,40,1985,4.49,17.74,22.34,24.33,14.8,3 years
208186,216128,2001470,26347,9778,33465,417746,448159,-30413,50,1985,4.52,15.48,20.87,22.39,12.66,4 years
190546,199431,1784270,22254,9258,28539,367337,380939,-13602,60,1985,4.64,14.31,20.59,21.35,11.68,5 years
1310902,1346958,11002801,251658,43241,310089,2776696,2981195,-204499,65,1985,3.21,23.02,25.24,27.09,19.2,1-5 years
529800,568486,5500476,54450,26633,72906,1039475,1081035,-41560,70,1985,4.68,12.82,18.9,19.65,10.28,6-10 years
0,0,0,0,0,0,0,0,0,75,1985,,,,,,11+ years
0,0,0,0,0,0,0,0,0,80,1985,,,,,,11-15 years
0,0,0,0,0,0,0,0,0,90,1985,,,,,,16-20 years
0,0,0,0,0,0,0,0,0,100,1985,,,,,,21-25 years
0,0,0,0,0,0,0,0,0,110,1985,,,,,,26+ years
1720014,2553947,62130730,125569,96219,217925,8164690,7963383,201307,150,1985,3.77,8.53,13.14,12.82,7.3,Left Censored
4158219,5112726,83920060,414722,711630,583812,15211590,12732769,2478821,1,1986,13.92,11.42,18.13,15.17,9.97,Total
517516,519425,2977966,0,519425,0,2977966,0,2977955,10,1986,100.0,0.0,100.0,0.0,0.0,0 (Startups)
381120,389390,2847529,105980,4337,131099,876982,983855,-106873,20,1986,1.11,33.67,30.8,34.55,27.81,1 year
332078,340745,2626376,58749,15122,72750,644373,791453,-147080,30,1986,4.44,21.35,24.53,30.13,17.69,2 years
247239,255868,2267762,36943,12657,46307,492864,616816,-123952,40,1986,4.95,18.1,21.73,27.2,14.94,3 years
210681,220676,1971531,25488,9710,32427,398221,454116,-55895,50,1986,4.4,14.69,20.2,23.03,12.1,4 years
188658,198315,1942578,20831,9121,26966,366192,428348,-62156,60,1986,4.6,13.6,18.85,22.05,11.04,5 years
1359776,1404994,11655776,247991,50947,309549,2778224,3274148,-495924,65,1986,3.63,22.03,23.84,28.09,18.24,1-5 years
664610,719180,7144018,62242,35016,84642,1314661,1455620,-140959,70,1986,4.87,11.77,18.4,20.38,9.37,6-10 years
0,0,0,0,0,0,0,0,0,75,1986,,,,,,11+ years
0,0,0,0,0,0,0,0,0,80,1986,,,,,,11-15 years
0,0,0,0,0,0,0,0,0,90,1986,,,,,,16-20 years
0,0,0,0,0,0,0,0,0,100,1986,,,,,,21-25 years
0,0,0,0,0,0,0,0,0,110,1986,,,,,,26+ years
1616317,2469127,62142300,104489,106242,189616,8162590,8009069,153521,150,1986,4.3,7.68,13.14,12.89,6.46,Left Censored
4223952,5224469,85886119,436466,740398,628497,16316921,14638328,1678593,1,1987,14.17,12.03,19.0,17.04,10.33,Total
513574,522131,3401753,0,522131,0,3401750,0,3401706,10,1987,100.0,0.0,100.0,0.0,0.0,0 (Startups)
383353,393379,2906522,109394,8006,133056,940268,1021393,-81125,20,1987,2.04,33.82,32.35,35.14,28.54,1 year
320529,331217,2636033,59387,16023,72710,685176,867477,-182301,30,1987,4.84,21.95,25.99,32.91,18.53,2 years
292428,303559,2473502,41287,14728,51167,563801,675087,-111286,40,1987,4.85,16.86,22.79,27.29,14.12,3 years
220093,231614,2180212,28814,11766,35982,501026,554494,-53468,50,1987,5.08,15.54,22.98,25.43,13.09,4 years
190303,201357,1893780,21832,8927,28003,367629,440253,-72624,60,1987,4.43,13.91,19.41,23.25,11.47,5 years
1406706,1461126,12090049,260714,59450,320918,3057535,3558346,-500811,65,1987,4.07,21.96,25.29,29.43,18.53,1-5 years
787626,856394,8913521,73892,40450,101916,1645774,1824547,-178773,70,1987,4.72,11.9,18.46,20.47,9.38,6-10 years
0,0,0,0,0,0,0,0,0,75,1987,,,,,,11+ years
0,0,0,0,0,0,0,0,0,80,1987,,,,,,11-15 years
0,0,0,0,0,0,0,0,0,90,1987,,,,,,16-20 years
0,0,0,0,0,0,0,0,0,100,1987,,,,,,21-25 years
0,0,0,0,0,0,0,0,0,110,1987,,,,,,26+ years
1516046,2384818,61480796,101860,118367,205661,8235943,9260266,-1024323,150,1987,4.96,8.62,13.4,15.06,6.72,Left Censored
4308236,5359338,88402522,425403,739207,611798,16380732,13996733,2383999,1,1988,13.79,11.42,18.53,15.83,9.87,Total
507091,515076,3055241,0,515076,0,3055240,0,3055229,10,1988,100.0,0.0,100.0,0.0,0.0,0 (Startups)
380444,390747,3259090,108135,2699,132585,888839,1003773,-114934,20,1988,0.69,33.93,27.27,30.8,28.42,1 year
331419,343008,2946166,59693,15067,73810,673206,854878,-181672,30,1988,4.39,21.52,22.85,29.02,18.01,2 years
279965,292087,2460065,41648,13531,51831,534804,669549,-134745,40,1988,4.63,17.75,21.74,27.22,14.88,3 years
263093,276322,2349361,30963,12733,39460,470866,572114,-101248,50,1988,4.61,14.28,20.04,24.35,11.77,4 years
198820,211938,2075701,22525,9872,29038,392640,469649,-77009,60,1988,4.66,13.7,18.92,22.63,11.33,5 years
1453741,1514102,13090383,262964,53902,326724,2960084,3569741,-609657,65,1988,3.56,21.58,22.61,27.27,18.09,1-5 years
773177,839507,8782543,68542,37340,92410,1547848,1754140,-206292,70,1988,4.45,11.01,17.62,19.97,8.86,6-10 years
135672,156835,1874332,10094,7088,15113,328502,343557,-15055,75,1988,4.52,9.64,17.53,18.33,7.44,11+ years
135672,156835,1874332,10094,7088,15113,328502,343557,-15055,80,1988,4.52,9.64,17.53,18.33,7.44,11-15 years
0,0,0,0,0,0,0,0,0,90,1988,,,,,,16-20 years
0,0,0,0,0,0,0,0,0,100,1988,,,,,,21-25 years
0,0,0,0,0,0,0,0,0,110,1988,,,,,,26+ years
1438555,2333818,61600023,83803,125801,177549,8512718,8334171,178547,150,1988,5.39,7.61,13.82,13.53,5.83,Left Censored
4382013,5472761,91353052,429504,724158,612863,16267263,13365740,2901523,1,1989,13.23,11.2,17.81,14.63,9.8,Total
502558,509499,2998613,0,509499,0,2998613,0,2998613,10,1989,100.0,0.0,100.0,0.0,0.0,0 (Startups)
380209,389929,3068674,104606,2570,127553,957172,982629,-25457,20,1989,0.66,32.71,31.19,32.02,27.51,1 year
322757,334288,3155996,57303,13655,70186,676585,772960,-96375,30,1989,4.08,21.0,21.44,24.49,17.75,2 years
291905,304525,2828721,41695,13068,51628,568353,674794,-106441,40,1989,4.29,16.95,20.09,23.86,14.28,3 years
250899,264865,2414684,31167,11562,39264,486281,539721,-53440,50,1989,4.37,14.82,20.14,22.35,12.42,4 years
240921,254101,2313067,24935,10216,32556,440682,484208,-43526,60,1989,4.02,12.81,19.05,20.93,10.35,5 years
1486691,1547708,13781142,259706,51071,321187,3128415,3453803,-325388,65,1989,3.3,20.75,22.7,25.06,17.47,1-5 years
770031,836570,9073480,67976,33880,90027,1543574,1609060,-65486,70,1989,4.05,10.76,17.01,17.73,8.83,6-10 years
261694,301002,3664417,19482,11805,27919,587615,598365,-10750,75,1989,3.92,9.28,16.04,16.33,7.44,11+ years
261694,301002,3664417,19482,11805,27919,587615,598365,-10750,80,1989,3.92,9.28,16.04,16.33,7.44,11-15 years
0,0,0,0,0,0,0,0,0,90,1989,,,,,,16-20 years
0,0,0,0,0,0,0,0,0,100,1989,,,,,,21-25 years
0,0,0,0,0,0,0,0,0,110,1989,,,,,,26+ years
1361039,2277982,61835400,82340,117903,173730,8030202,7709391,320811,150,1989,5.18,7.63,12.99,12.47,6.05,Left Censored
4445528,5571136,93686600,433898,700386,602953,15492584,13329946,2162638,1,1990,12.57,10.82,16.54,14.23,9.76,Total
493080,498690,2886496,0,498690,0,2886497,0,2886491,10,1990,100.0,0.0,100.0,0.0,0.0,0 (Startups)
376097,384650,2947064,104646,2193,126546,896603,999121,-102518,20,1990,0.57,32.9,30.42,33.9,27.82,1 year
320242,331725,2881434,59765,13664,72014,656886,845008,-188122,30,1990,4.12,21.71,22.8,29.33,18.66,2 years
283376,295989,3069202,42147,13406,51523,568619,650996,-82377,40,1990,4.53,17.41,18.53,21.21,14.87,3 years
262199,276056,2717376,32601,11848,40369,486840,598581,-111741,50,1990,4.29,14.62,17.92,22.03,12.43,4 years
228294,243231,2350772,25574,10410,32226,425515,489901,-64386,60,1990,4.28,13.25,18.1,20.84,11.2,5 years
1470208,1531651,13965848,264733,51521,322678,3033652,3582771,-549119,65,1990,3.36,21.07,21.72,25.65,18.01,1-5 years
813767,882771,9522245,69491,33971,91345,1508955,1704708,-195753,70,1990,3.85,10.35,15.85,17.9,8.54,6-10 years
375489,430113,5330339,26965,15592,37640,816547,851827,-35280,75,1990,3.63,8.75,15.32,15.98,7.18,11+ years
375489,430113,5330339,26965,15592,37640,816547,851827,-35280,80,1990,3.63,8.75,15.32,15.98,7.18,11-15 years
0,0,0,0,0,0,0,0,0,90,1990,,,,,,16-20 years
0,0,0,0,0,0,0,0,0,100,1990,,,,,,21-25 years
0,0,0,0,0,0,0,0,0,110,1990,,,,,,26+ years
1292984,2227911,61981672,72709,100612,151288,7266569,7196766,69803,150,1990,4.52,6.79,11.72,11.61,5.62,Left Censored
4412581,5606034,91458374,453798,690270,649044,13971947,16221727,-2249780,1,1991,12.31,11.58,15.28,17.74,10.28,Total
450750,455670,2540279,0,455670,0,2540279,0,2540278,10,1991,100.0,0.0,100.0,0.0,0.0,0 (Startups)
363783,372973,2574471,104133,3864,128084,741523,1004923,-263400,20,1991,1.04,34.34,28.8,39.03,28.63,1 year
312987,323712,2548284,59702,13477,73408,543724,901521,-357797,30,1991,4.16,22.68,21.34,35.38,19.07,2 years
275494,289076,2495148,43782,13085,55015,462557,794057,-331500,40,1991,4.53,19.03,18.54,31.82,15.89,3 years
250375,265764,2792087,33488,12362,42322,426726,689956,-263230,50,1991,4.65,15.92,15.28,24.71,13.38,4 years
235367,251708,2509096,27492,11139,35490,399051,609534,-210483,60,1991,4.43,14.1,15.9,24.29,11.68,5 years
1438006,1503233,12919086,268597,53927,334319,2573138,3999452,-1426314,65,1991,3.59,22.24,19.92,30.96,18.68,1-5 years
840267,919760,9536372,75018,39165,100534,1411249,2184136,-772887,70,1991,4.26,10.93,14.8,22.9,8.93,6-10 years
471427,547753,6549377,35720,23639,50747,887192,1336456,-449264,75,1991,4.32,9.26,13.55,20.41,7.58,11+ years
471427,547753,6549377,35720,23639,50747,887192,1336456,-449264,80,1991,4.32,9.26,13.55,20.41,7.58,11-15 years
0,0,0,0,0,0,0,0,0,90,1991,,,,,,16-20 years
0,0,0,0,0,0,0,0,0,100,1991,,,,,,21-25 years
0,0,0,0,0,0,0,0,0,110,1991,,,,,,26+ years
1212131,2179618,59913260,74463,117869,163443,6581316,8708164,-2126848,150,1991,5.41,7.5,10.98,14.53,6.14,Left Censored
4413841,5615601,91438756,415356,649245,634004,14667236,14634570,32666,1,1992,11.56,11.29,16.04,16.0,9.41,Total
438701,446297,2490888,0,446297,0,2490888,0,2490888,10,1992,100.0,0.0,100.0,0.0,0.0,0 (Startups)
337414,347738,2357209,89640,6311,111529,721323,837119,-115796,20,1992,1.81,32.07,30.6,35.51,26.57,1 year
306075,317343,2345686,54815,14083,68201,544197,734687,-190490,30,1992,4.44,21.49,23.2,31.32,17.91,2 years
272048,284631,2379988,40477,12805,50811,506425,645201,-138776,40,1992,4.5,17.85,21.28,27.11,14.88,3 years
244621,260513,2379149,31451,12417,40213,471740,571590,-99850,50,1992,4.77,15.44,19.83,24.02,12.86,4 years
225801,242533,2673180,25413,10449,33360,463937,549460,-85523,60,1992,4.31,13.75,17.36,20.55,11.25,5 years
1385959,1452758,12135212,241796,56065,304114,2707150,3337672,-630522,65,1992,3.86,20.93,22.31,27.5,17.45,1-5 years
875251,957191,9872971,74338,36330,104082,1549423,1919481,-370058,70,1992,3.8,10.87,15.69,19.44,8.49,6-10 years
564137,655510,7978313,38007,22220,59562,1142942,1403318,-260376,75,1992,3.39,9.09,14.33,17.59,6.74,11+ years
564137,655510,7978313,38007,22220,59562,1142942,1403318,-260376,80,1992,3.39,9.09,14.33,17.59,6.74,11-15 years
0,0,0,0,0,0,0,0,0,90,1992,,,,,,16-20 years
0,0,0,0,0,0,0,0,0,100,1992,,,,,,21-25 years
0,0,0,0,0,0,0,0,0,110,1992,,,,,,26+ years
1149793,2103845,58961372,61215,88333,166246,6798213,7979574,-1181361,150,1992,4.2,7.9,11.53,13.53,5.32,Left Censored
4495611,5682239,93102312,386357,650095,582828,14916783,13295008,1621775,1,1993,11.44,10.26,16.02,14.28,8.59,Total
461135,465226,2539427,0,465226,0,2539429,0,2539415,10,1993,100.0,0.0,100.0,0.0,0.0,0 (Startups)
336941,345485,2605685,82932,1654,102340,777590,736637,40953,20,1993,0.48,29.62,29.84,28.27,24.61,1 year
291403,300562,2234381,46536,11955,59045,519494,639743,-120249,30,1993,3.98,19.64,23.25,28.63,15.97,2 years
272022,283209,2275183,36464,12212,45979,492129,544487,-52358,40,1993,4.31,16.24,21.63,23.93,13.4,3 years
246280,259899,2322252,28716,10937,36242,448690,511173,-62483,50,1993,4.21,13.94,19.32,22.01,11.66,4 years
223724,239570,2329883,23650,10017,30842,423304,474681,-51377,60,1993,4.18,12.87,18.17,20.37,10.57,5 years
1370370,1428725,11767384,218298,46775,274448,2660390,2906195,-245805,65,1993,3.27,19.21,22.61,24.7,15.93,1-5 years
908222,993399,10779927,71997,37070,97642,1664726,1806517,-141791,70,1993,3.73,9.83,15.44,16.76,7.93,6-10 years
658865,764407,9539099,40969,23552,60780,1353638,1416161,-62523,75,1993,3.08,7.95,14.19,14.85,6.22,11+ years
558647,641697,7887065,35011,19775,51278,1120526,1177613,-57087,80,1993,3.08,7.99,14.21,14.93,6.27,11-15 years
100218,122710,1652034,5958,3777,9502,233114,238560,-5446,90,1993,3.08,7.74,14.11,14.44,5.95,16-20 years
0,0,0,0,0,0,0,0,0,100,1993,,,,,,21-25 years
0,0,0,0,0,0,0,0,0,110,1993,,,,,,26+ years
1097019,2030482,58476475,55093,77472,149957,6718287,7170340,-452053,150,1993,3.82,7.39,11.49,12.26,5.02,Left Censored
4575281,5791522,95649868,398875,682277,580764,15282839,13066603,2216236,1,1994,11.78,10.03,15.98,13.66,8.72,Total
475989,481164,2690848,0,481164,0,2690848,0,2690835,10,1994,100.0,0.0,100.0,0.0,0.0,0 (Startups)
349782,355364,2483951,90644,1730,110374,749417,773371,-23954,20,1994,0.49,31.06,30.17,31.13,25.91,1 year
288971,298529,2453782,47239,11076,58243,558059,686433,-128374,30,1994,3.71,19.51,22.74,27.97,16.35,2 years
258030,267702,2140459,34349,10334,42755,438824,533108,-94284,40,1994,3.86,15.97,20.5,24.91,13.31,3 years
245481,257289,2200554,28637,10647,36234,434956,506353,-71397,50,1994,4.14,14.08,19.77,23.01,11.67,4 years
224449,238874,2253033,23893,9906,30702,414264,480285,-66021,60,1994,4.15,12.85,18.39,21.32,10.65,5 years
1366713,1417758,11531779,224762,43693,278308,2594862,2979023,-384161,65,1994,3.08,19.63,22.5,25.83,16.45,1-5 years
929265,1018843,11343525,74882,38681,101121,1768342,1882702,-114360,70,1994,3.8,9.93,15.59,16.6,8.06,6-10 years
753784,877099,11276304,46692,27464,68746,1562948,1587088,-24140,75,1994,3.13,7.84,13.86,14.07,6.19,11+ years
558317,637935,7963236,35194,19734,51211,1103013,1139534,-36521,80,1994,3.09,8.03,13.85,14.31,6.3,11-15 years
195467,239164,3313068,11498,7730,17535,459936,447542,12394,90,1994,3.23,7.33,13.88,13.51,5.88,16-20 years
0,0,0,0,0,0,0,0,0,100,1994,,,,,,21-25 years
0,0,0,0,0,0,0,0,0,110,1994,,,,,,26+ years
1049530,1996658,58807412,52539,91275,132585,6686125,6621615,64510,150,1994,4.57,6.64,11.37,11.26,5.01,Left Censored
4674006,5921847,99016306,398645,706163,574782,16025382,12548263,3477119,1,1995,11.92,9.71,16.18,12.67,8.53,Total
495030,500469,2789961,0,500469,0,2789963,0,2789939,10,1995,100.0,0.0,100.0,0.0,0.0,0 (Startups)
365292,372030,2675100,89814,1613,109998,801466,782240,19226,20,1995,0.43,29.57,29.96,29.24,24.59,1 year
299853,306740,2417722,48992,11429,59582,582841,620135,-37294,30,1995,3.73,19.42,24.11,25.65,16.34,2 years
256841,267183,2377443,33775,10591,41919,475258,522682,-47424,40,1995,3.96,15.69,19.99,21.99,13.15,3 years
233971,244264,2096169,26403,9515,32971,399253,433217,-33964,50,1995,3.9,13.5,19.05,20.67,11.28,4 years
225124,237413,2200201,23025,9870,29441,412323,414071,-1748,60,1995,4.16,12.4,18.74,18.82,10.23,5 years
1381081,1427630,11766635,222009,43018,273911,2670148,2771486,-101338,65,1995,3.01,19.19,22.69,23.55,16.08,1-5 years
917602,1009186,11679190,74277,39772,99135,1895454,1820878,74576,70,1995,3.94,9.82,16.23,15.59,8.09,6-10 years
879272,1023243,13394743,52468,32328,75461,1910575,1762772,147803,75,1995,3.16,7.37,14.26,13.16,5.97,11+ years
597222,680979,8528415,36129,21760,51102,1238182,1156103,82079,80,1995,3.2,7.5,14.52,13.56,6.05,11-15 years
282050,342264,4866328,16339,10568,24359,672360,606616,65744,90,1995,3.09,7.12,13.82,12.47,5.79,16-20 years
0,0,0,0,0,0,0,0,0,100,1995,,,,,,21-25 years
0,0,0,0,0,0,0,0,0,110,1995,,,,,,26+ years
1001021,1961319,59385777,49891,90576,126272,6781351,6196947,584404,150,1995,4.62,6.44,11.42,10.44,4.98,Left Censored
4721540,5999687,100042597,416575,701638,599323,15731728,13927402,1804326,1,1996,11.69,9.99,15.73,13.92,8.82,Total
493289,495322,2795799,0,495322,0,2795799,0,2795794,10,1996,100.0,0.0,100.0,0.0,0.0,0 (Startups)
378476,386566,2711746,94673,2819,115770,797008,834137,-37129,20,1996,0.73,29.95,29.39,30.76,25.01,1 year
312814,321646,2582234,51047,12132,62303,580481,686644,-106163,30,1996,3.77,19.37,22.48,26.59,16.32,2 years
264775,273107,2287996,36103,10713,43953,465134,554054,-88920,40,1996,3.92,16.09,20.33,24.22,13.64,3 years
231049,242546,2295395,27031,9650,33691,405896,497769,-91873,50,1996,3.98,13.89,17.68,21.69,11.7,4 years
213127,224524,2020268,22331,8900,28111,357277,416034,-58757,60,1996,3.96,12.52,17.68,20.59,10.48,5 years
1400241,1448389,11897639,231185,44214,283828,2605035,2987952,-382917,65,1996,3.05,19.6,21.9,25.11,16.51,1-5 years
911988,1001251,11448713,76776,37658,102118,1739518,1966729,-227211,70,1996,3.76,10.2,15.19,17.18,8.42,6-10 years
975145,1141980,15144713,60021,34831,85839,2032352,2165804,-133452,75,1996,3.05,7.52,13.42,14.3,6.16,11+ years
618627,707998,8985778,39023,21779,54741,1239509,1334112,-94603,80,1996,3.08,7.73,13.79,14.85,6.31,11-15 years
356518,433982,6158935,20998,13052,31098,792780,831598,-38818,90,1996,3.01,7.17,12.87,13.5,5.89,16-20 years
0,0,0,0,0,0,0,0,0,100,1996,,,,,,21-25 years
0,0,0,0,0,0,0,0,0,110,1996,,,,,,26+ years
940877,1912745,58755733,48593,89613,127536,6582013,6812332,-230319,150,1996,4.69,6.67,11.2,11.59,5.16,Left Censored
4776424,6075685,103096440,434203,736712,662303,18177711,15441412,2736299,1,1997,12.13,10.9,17.63,14.98,9.09,Total
494483,502959,2808292,0,502959,0,2808292,0,2808285,10,1997,100.0,0.0,100.0,0.0,0.0,0 (Startups)
375666,385152,2759901,96455,7686,117270,876219,855832,20387,20,1997,2.0,30.45,31.75,31.01,25.68,1 year
322280,341177,2781702,55051,13989,66785,656654,719529,-62875,30,1997,4.1,19.57,23.61,25.87,17.08,2 years
275029,285968,2513958,38963,11899,47591,551965,637482,-85517,40,1997,4.16,16.64,21.96,25.36,14.17,3 years
237387,248740,2250170,29096,10847,35769,449120,520975,-71855,50,1997,4.36,14.38,19.96,23.15,12.26,4 years
209872,222466,2260732,22979,8877,29076,419170,457176,-38006,60,1997,3.99,13.07,18.54,20.22,10.95,5 years
1420234,1483503,12566463,242544,53298,296491,2952386,3190449,-238063,65,1997,3.59,19.99,23.49,25.39,17.08,1-5 years
890562,972406,11011226,77910,37418,105675,1858770,1982295,-123525,70,1997,3.85,10.87,16.88,18.0,8.75,6-10 years
1076834,1265364,17743117,66974,41582,104089,2736627,2628630,107997,75,1997,3.29,8.23,15.42,14.81,6.22,11+ years
647045,741683,9856478,41842,24869,63012,1589948,1525581,64367,80,1997,3.35,8.5,16.13,15.48,6.47,11-15 years
429789,523681,7886639,25132,16713,41077,1146629,1103003,43626,90,1997,3.19,7.84,14.54,13.99,5.85,16-20 years
0,0,0,0,0,0,0,0,0,100,1997,,,,,,21-25 years
0,0,0,0,0,0,0,0,0,110,1997,,,,,,26+ years
894311,1851453,58967342,46775,101455,156046,7841869,7643326,198543,150,1997,5.48,8.43,13.3,12.96,5.23,Left Censored
4853548,6188011,107689077,400489,702626,612252,17965285,14618675,3346610,1,1998,11.35,9.89,16.68,13.57,8.25,Total
477206,479602,2782483,0,479602,0,2782484,0,2782461,10,1998,100.0,0.0,100.0,0.0,0.0,0 (Startups)
383036,392380,2862830,88147,988,111178,846271,786834,59437,20,1998,0.25,28.33,29.56,27.48,23.01,1 year
323048,333017,2697666,49993,11389,63234,608349,667101,-58752,30,1998,3.42,18.99,22.55,24.73,15.48,2 years
285856,307138,2767022,36421,11143,46981,570493,613846,-43353,40,1998,3.63,15.3,20.62,22.18,12.74,3 years
248337,259646,2470551,27435,9599,35583,508654,532435,-23781,50,1998,3.7,13.7,20.59,21.55,11.05,4 years
216740,228267,2216615,21697,7955,28466,413792,448777,-34985,60,1998,3.48,12.47,18.67,20.25,10.01,5 years
1457017,1520448,13014684,223693,41074,285442,2946459,3048255,-101796,65,1998,2.7,18.77,22.64,23.42,15.35,1-5 years
880163,952451,10769406,69580,32102,95893,1785525,1831918,-46393,70,1998,3.37,10.07,16.58,17.01,7.91,6-10 years
1179103,1396285,20936496,66698,42051,103811,3018716,2925998,92718,75,1998,3.01,7.43,14.42,13.98,5.66,11+ years
673171,779029,11181151,39765,24158,60154,1694416,1648999,45417,80,1998,3.1,7.72,15.15,14.75,5.91,11-15 years
428467,516483,7930258,22704,14633,36237,1071909,1028916,42993,90,1998,2.83,7.02,13.52,12.97,5.3,16-20 years
77465,100773,1825087,4229,3260,7420,252537,248226,4311,100,1998,3.23,7.36,13.84,13.6,5.46,21-25 years
0,0,0,0,0,0,0,0,0,110,1998,,,,,,26+ years
860059,1839225,60186008,40518,107797,127102,7451279,6815855,635424,150,1998,5.86,6.91,12.38,11.32,4.71,Left Censored
4883018,6246393,109812340,408681,691108,633670,17671216,15695076,1976140,1,1999,11.06,10.14,16.09,14.29,8.37,Total
451218,454868,2467152,0,454868,0,2467152,0,2467152,10,1999,100.0,0.0,100.0,0.0,0.0,0 (Startups)
368645,372495,2770183,85904,1932,109005,780257,788940,-8683,20,1999,0.52,29.26,28.17,28.48,23.3,1 year
330394,341233,2780147,50621,13378,64736,654222,712036,-57814,30,1999,3.92,18.97,23.53,25.61,15.32,2 years
286911,297829,2632266,36906,12425,47560,537591,593178,-55587,40,1999,4.17,15.97,20.42,22.53,12.86,3 years
258482,276971,2667961,28896,11311,40775,519172,604505,-85333,50,1999,4.08,14.72,19.46,22.66,11.18,4 years
227396,240127,2443989,22719,10441,30022,459728,493063,-33335,60,1999,4.35,12.5,18.81,20.17,9.99,5 years
1471828,1528655,13294546,225046,49487,292098,2950135,3191173,-241038,65,1999,3.24,19.11,22.19,24.0,15.29,1-5 years
875014,943727,10591472,70860,34278,97113,1711416,1846592,-135176,70,1999,3.63,10.29,16.16,17.43,8.1,6-10 years
1265266,1507522,23145684,73291,48553,112693,3183604,3292086,-108482,75,1999,3.22,7.48,13.75,14.22,5.79,11+ years
686882,796455,11689854,41825,26547,63355,1674952,1722812,-47860,80,1999,3.33,7.95,14.33,14.74,6.09,11-15 years
427453,511569,8040593,23397,15131,36306,1067148,1104409,-37261,90,1999,2.96,7.1,13.27,13.74,5.47,16-20 years
150931,199498,3415237,8069,6875,13032,441623,464972,-23349,100,1999,3.45,6.53,12.93,13.61,5.35,21-25 years
0,0,0,0,0,0,0,0,0,110,1999,,,,,,26+ years
819692,1811621,60313486,39484,103922,131766,7374419,7368402,6017,150,1999,5.74,7.27,12.23,12.22,4.82,Left Censored
4902719,6301553,113593164,405016,680795,628911,18670431,15222898,3447533,1,2000,10.8,9.98,16.44,13.4,8.26,Total
446204,450957,2553512,0,450957,0,2553510,0,2553493,10,2000,100.0,0.0,100.0,0.0,0.0,0 (Startups)
347023,351463,2586456,81685,1073,104025,804935,674755,130180,20,2000,0.31,29.6,31.12,26.09,23.54,1 year
318663,323501,2810218,48496,13060,61788,679656,617093,62563,30,2000,4.04,19.1,24.19,21.96,15.22,2 years
293188,304622,2814144,37237,11987,48598,614602,591258,23344,40,2000,3.94,15.95,21.84,21.01,12.7,3 years
258470,269807,2656274,28512,10114,38096,539699,515940,23759,50,2000,3.75,14.12,20.32,19.42,11.03,4 years
235266,253886,2647275,23475,10045,32209,507505,488324,19181,60,2000,3.96,12.69,19.17,18.45,9.98,5 years
1452610,1503279,13514367,219405,46279,284716,3145598,2886818,258780,65,2000,3.08,18.94,23.28,21.36,15.1,1-5 years
876588,943301,10965775,70988,31598,98960,1840289,1793925,46364,70,2000,3.35,10.49,16.78,16.36,8.1,6-10 years
1345192,1608669,25447315,77540,48685,122060,3622232,3420632,201600,75,2000,3.03,7.59,14.23,13.44,5.76,11+ years
668538,773377,11761641,41846,24567,64277,1735070,1658969,76101,80,2000,3.18,8.31,14.75,14.1,6.26,11-15 years
459184,550642,8598566,24118,15335,38956,1204793,1170174,34619,90,2000,2.78,7.07,14.01,13.61,5.25,16-20 years
217470,284650,5087108,11576,8783,18827,682394,591317,91077,100,2000,3.09,6.61,13.41,11.62,5.32,21-25 years
0,0,0,0,0,0,0,0,0,110,2000,,,,,,26+ years
782125,1795347,61112195,37083,103276,123173,7524526,7122943,401583,150,2000,5.75,6.86,12.31,11.66,4.74,Left Censored
4912908,6332929,113773080,408243,694163,661488,17759146,17530454,228692,1,2001,10.96,10.45,15.61,15.41,8.31,Total
436993,441245,2459871,0,441245,0,2459871,0,2459867,10,2001,100.0,0.0,100.0,0.0,0.0,0 (Startups)
340470,346508,2544832,82171,1663,105498,763489,756045,7444,20,2001,0.48,30.45,30.0,29.71,24.13,1 year
297635,303270,2469134,46968,12713,60223,566199,652559,-86360,30,2001,4.19,19.86,22.93,26.43,15.78,2 years
281958,288185,2722225,36531,12860,47442,549076,631199,-82123,40,2001,4.46,16.46,20.17,23.19,12.96,3 years
264944,276511,2654526,29855,11920,39892,494495,639810,-145315,50,2001,4.31,14.43,18.63,24.1,11.27,4 years
236081,248234,2615291,24229,10331,32403,471926,518836,-46910,60,2001,4.16,13.05,18.04,19.84,10.26,5 years
1421088,1462708,13006008,219754,49487,285458,2844746,3198086,-353340,65,2001,3.38,19.52,21.87,24.59,15.46,1-5 years
888889,962007,11122312,72188,37611,102762,1716050,2098795,-382745,70,2001,3.91,10.68,15.43,18.87,8.12,6-10 years
1421733,1703139,26916584,81699,56760,132524,3514515,4143158,-628643,75,2001,3.33,7.78,13.06,15.39,5.75,11+ years
666036,766768,11363475,42294,26097,65091,1490799,1803537,-312738,80,2001,3.4,8.49,13.12,15.87,6.35,11-15 years
478078,573828,9079552,24878,18050,41763,1209336,1439493,-230157,90,2001,3.15,7.28,13.32,15.85,5.2,16-20 years
277619,362543,6473557,14527,12613,25670,814282,899896,-85614,100,2001,3.48,7.08,12.58,13.9,5.23,21-25 years
0,0,0,0,0,0,0,0,0,110,2001,,,,,,26+ years
744205,1763830,60268305,34602,109060,140743,7240875,8092413,-851538,150,2001,6.18,7.98,12.01,13.43,4.65,Left Censored
4929332,6392616,111799219,424299,758902,716891,18530541,21255078,-2724537,1,2002,11.87,11.21,16.57,19.01,8.61,Total
455162,460893,3029842,0,460893,0,3029843,0,3029828,10,2002,100.0,0.0,100.0,0.0,0.0,0 (Startups)
331461,339023,2327680,80213,3930,106883,650177,788577,-138400,20,2002,1.16,31.53,27.93,33.88,24.2,1 year
290997,299768,2343091,47028,15930,63065,532596,733814,-201218,30,2002,5.31,21.04,22.73,31.32,16.16,2 years
262689,271834,2258365,34685,15165,46991,462461,660808,-198347,40,2002,5.58,17.29,20.48,29.26,13.2,3 years
253366,264451,2536955,29258,15891,40122,488744,664300,-175556,50,2002,6.01,15.17,19.26,26.18,11.55,4 years
239963,254278,2454485,25286,13364,35834,452043,649502,-197459,60,2002,5.26,14.09,18.42,26.46,10.54,5 years
1378476,1429354,11920576,216470,64280,292895,2585599,3496764,-911165,65,2002,4.5,20.49,21.69,29.33,15.7,1-5 years
904580,985786,11090720,75905,48581,112993,1770118,2538169,-768051,70,2002,4.93,11.46,15.96,22.89,8.39,6-10 years
1482381,1781767,27387850,92426,70557,159119,3723350,5344518,-1621168,75,2002,3.96,8.93,13.59,19.51,6.23,11+ years
648014,741077,10190256,43917,30576,71780,1425800,2090321,-664521,80,2002,4.13,9.69,13.99,20.51,6.78,11-15 years
500445,602847,9411649,28669,22431,49901,1265945,1794314,-528369,90,2002,3.72,8.28,13.45,19.06,5.73,16-20 years
333922,437843,7785945,19840,17550,37438,1031664,1460068,-428404,100,2002,4.01,8.55,13.25,18.75,5.94,21-25 years
0,0,0,0,0,0,0,0,0,110,2002,,,,,,26+ years
708733,1734816,58370231,39498,114591,151881,7434264,9878399,-2444135,150,2002,6.61,8.75,12.74,16.92,5.57,Left Censored
4991927,6459031,112460517,416561,734050,665362,17675453,17018427,657026,1,2003,11.36,10.3,15.72,15.13,8.34,Total
467532,470326,2591904,0,470326,0,2591904,0,2591899,10,2003,100.0,0.0,100.0,0.0,0.0,0 (Startups)
349735,356692,2955888,82109,1963,105685,711787,759326,-47539,20,2003,0.55,29.63,24.08,25.69,23.48,1 year
288187,296088,2270531,45420,15517,58022,518633,560586,-41953,30,2003,5.24,19.6,22.84,24.69,15.76,2 years
259203,268993,2269960,34954,14506,45112,476318,547505,-71187,40,2003,5.39,16.77,20.98,24.12,13.49,3 years
238094,247711,2220835,28061,12587,36486,452028,483663,-31635,50,2003,5.08,14.73,20.35,21.78,11.79,4 years
231773,244527,2407901,24837,12226,32383,425464,542803,-117339,60,2003,5.0,13.24,17.67,22.54,10.72,5 years
1366992,1414011,12125115,215381,56799,277688,2584151,2893774,-309623,65,2003,4.02,19.64,21.31,23.87,15.76,1-5 years
929038,1011202,11269746,80879,45250,111542,1961920,2123114,-161194,70,2003,4.47,11.03,17.41,18.84,8.71,6-10 years
1548511,1863657,29198992,90066,63413,144053,3975735,4239020,-263285,75,2003,3.4,7.73,13.62,14.52,5.82,11+ years
638990,722669,9634658,42119,25808,62493,1441566,1543854,-102288,80,2003,3.57,8.65,14.96,16.02,6.59,11-15 years
517587,630441,10381521,27755,21302,46001,1358986,1452024,-93038,90,2003,3.38,7.3,13.09,13.99,5.36,16-20 years
332163,425834,7492719,17220,13611,29847,961360,1012066,-50706,100,2003,3.2,7.01,12.83,13.51,5.18,21-25 years
59771,84713,1690094,2972,2692,5712,213963,231247,-17284,110,2003,3.18,6.74,12.66,13.68,4.97,26+ years
679854,1699835,57274760,30235,98262,132078,6573292,7763218,-1189926,150,2003,5.78,7.77,11.48,13.55,4.45,Left Censored
5084924,6566688,114138584,414338,749769,643022,17238480,15724589,1513891,1,2004,11.42,9.79,15.1,13.78,8.15,Total
505056,507862,2793868,0,507862,0,2793869,0,2793857,10,2004,100.0,0.0,100.0,0.0,0.0,0 (Startups)
360358,363865,2620110,84321,657,107218,721908,726815,-4907,20,2004,0.18,29.47,27.55,27.74,23.4,1 year
304316,311888,2868854,46299,13159,58650,541048,636617,-95569,30,2004,4.22,18.8,18.86,22.19,15.21,2 years
257255,265198,2223096,33000,11713,42604,435741,473375,-37634,40,2004,4.42,16.06,19.6,21.29,12.83,3 years
234914,245317,2223330,26852,11181,35213,400092,447391,-47299,50,2004,4.56,14.35,18.0,20.12,11.43,4 years
216966,226785,2152295,23173,9661,30552,373514,438389,-64875,60,2004,4.26,13.47,17.35,20.37,10.68,5 years
1373809,1413053,12087685,213645,46371,274237,2471890,2722291,-250401,65,2004,3.28,19.41,20.45,22.52,15.55,1-5 years
939379,1021007,11422179,80298,41143,109669,1771371,2047391,-276020,70,2004,4.03,10.74,15.51,17.92,8.55,6-10 years
1614671,1947785,30872015,91972,57266,139646,3776650,4147960,-371310,75,2004,2.94,7.17,12.23,13.44,5.7,11+ years
636076,713085,9456737,41295,22382,58750,1296605,1379350,-82745,80,2004,3.14,8.24,13.71,14.59,6.49,11-15 years
528189,646776,10684810,28049,18715,44455,1282189,1512329,-230140,90,2004,2.89,6.87,12.0,14.15,5.31,16-20 years
332987,419654,7522626,16728,11246,26518,821995,892966,-70971,100,2004,2.68,6.32,10.93,11.87,5.02,21-25 years
117419,168270,3207842,5900,4923,9923,375736,363096,12640,110,2004,2.93,5.9,11.71,11.32,5.02,26+ years
652009,1676981,56962837,28423,97127,119466,6436840,6806858,-370018,150,2004,5.79,7.12,11.3,11.95,4.36,Left Censored
5166062,6675386,115422186,430425,769042,660788,16999246,15776014,1223232,1,2005,11.52,9.9,14.73,13.67,8.33,Total
518727,524126,2937791,0,524126,0,2937792,0,2937775,10,2005,100.0,0.0,100.0,0.0,0.0,0 (Startups)
388339,392455,2761246,90391,1484,116515,771092,778890,-7798,20,2005,0.38,29.69,27.93,28.21,23.28,1 year
310309,314855,2472706,49421,13374,62297,537391,655717,-118326,30,2005,4.25,19.79,21.73,26.52,15.93,2 years
270857,279215,2728328,34578,11882,44417,463709,577295,-113586,40,2005,4.26,15.91,17.0,21.16,12.77,3 years
232531,241007,2155418,26745,10715,34952,392505,451074,-58569,50,2005,4.45,14.5,18.21,20.93,11.5,4 years
214444,225558,2162137,22608,9891,29810,368705,432422,-63717,60,2005,4.39,13.22,17.05,20.0,10.54,5 years
1416480,1453090,12279835,223743,47346,287991,2533041,2895152,-362111,65,2005,3.26,19.82,20.63,23.58,15.8,1-5 years
926483,1006968,11131384,80391,41619,109405,1695851,2040308,-344457,70,2005,4.13,10.86,15.23,18.33,8.68,6-10 years
1679963,2041759,32359942,98418,65039,148451,3953145,4508246,-555101,75,2005,3.19,7.27,12.22,13.93,5.86,11+ years
637539,714795,9279856,42989,24054,60367,1295272,1523699,-228427,80,2005,3.37,8.45,13.96,16.42,6.74,11-15 years
509910,627540,10393327,28941,20331,45850,1221657,1406831,-185174,90,2005,3.24,7.31,11.75,13.54,5.68,16-20 years
362867,459127,7887879,17741,12228,27386,876113,1020183,-144070,100,2005,2.66,5.96,11.11,12.93,4.89,21-25 years
169647,240297,4798880,8747,8426,14848,559966,556751,3215,110,2005,3.51,6.18,11.67,11.6,5.16,26+ years
624409,1649443,56713234,27873,90912,114939,5895135,6332311,-437176,150,2005,5.51,6.97,10.39,11.17,4.46,Left Censored
5254916,6838713,119253652,460485,844274,680600,18696108,15038746,3657362,1,2006,12.35,9.95,15.68,12.61,8.76,Total
541317,543656,2949540,0,543656,0,2949541,0,2949535,10,2006,100.0,0.0,100.0,0.0,0.0,0 (Startups)
399301,407442,2973802,96037,3123,119229,832716,778382,54334,20,2006,0.77,29.26,28.0,26.17,24.05,1 year
336588,342824,2718886,54715,17840,67175,604826,633222,-28396,30,2006,5.2,19.59,22.25,23.29,16.26,2 years
275254,281961,2432525,37827,14316,46997,510231,517014,-6783,40,2006,5.08,16.67,20.98,21.25,13.74,3 years
245597,256603,2715124,28392,13514,36200,475134,483443,-8309,50,2006,5.27,14.11,17.5,17.81,11.56,4 years
212518,222363,2172978,23009,11034,29658,403329,371639,31690,60,2006,4.96,13.34,18.56,17.1,10.83,5 years
1469258,1511193,13013315,239980,59827,299259,2825662,2783328,42334,65,2006,3.96,19.8,21.71,21.39,16.33,1-5 years
907865,983480,11076164,81647,48092,108878,1822986,1790074,32912,70,2006,4.89,11.07,16.46,16.16,8.99,6-10 years
1742357,2152197,34916420,110225,87360,165053,4638428,4414391,224037,75,2006,4.06,7.67,13.28,12.64,6.33,11+ years
642421,734098,9764345,46780,29930,65299,1413149,1419315,-6166,80,2006,4.08,8.9,14.47,14.54,7.28,11-15 years
506409,626752,10477342,31214,26392,46836,1368976,1304665,64311,90,2006,4.21,7.47,13.07,12.45,6.16,16-20 years
376967,482893,8430010,20216,17710,32224,1037360,981520,55840,100,2006,3.67,6.67,12.31,11.64,5.36,21-25 years
216560,308454,6244723,12015,13328,20694,818718,708219,110499,110,2006,4.32,6.71,13.11,11.34,5.55,26+ years
594119,1648187,57298213,28633,105339,107408,6473442,6051265,422177,150,2006,6.39,6.52,11.3,10.56,4.82,Left Censored
5291526,6917207,119771704,467189,808797,727812,18279893,17827286,452607,1,2007,11.69,10.52,15.26,14.88,8.83,Total
509517,514422,2693515,0,514422,0,2693527,0,2693387,10,2007,100.0,0.0,100.0,0.0,0.0,0 (Startups)
411003,417090,2768435,103923,4301,129523,751911,890739,-138828,20,2007,1.03,31.05,27.16,32.17,25.29,1 year
342191,352222,2710570,57351,15670,70031,545952,770357,-224405,30,2007,4.45,19.88,20.14,28.42,16.76,2 years
296563,304852,2539270,41756,14165,51409,475125,628850,-153725,40,2007,4.65,16.86,18.71,24.76,14.08,3 years
247640,257027,2304842,30022,12362,37460,401626,527571,-125945,50,2007,4.81,14.57,17.43,22.89,12.12,4 years
224375,236897,2577219,23235,11058,30251,388129,505675,-117546,60,2007,4.67,12.77,15.06,19.62,10.36,5 years
1521772,1568088,12900336,256287,57556,318674,2562174,3322586,-760412,65,2007,3.67,20.32,19.86,25.76,16.84,1-5 years
888110,961947,10682527,77263,43499,105713,1607097,1907729,-300632,70,2007,4.52,10.99,15.04,17.86,8.7,6-10 years
1804386,2240495,36611964,108310,85503,178822,4666855,5350471,-683616,75,2007,3.82,7.98,12.75,14.61,6.0,11+ years
652681,750550,10033388,45593,30148,68064,1344451,1584888,-240437,80,2007,4.02,9.07,13.4,15.8,6.99,11-15 years
493850,603814,9723339,29259,21482,49416,1278183,1463147,-184964,90,2007,3.56,8.18,13.15,15.05,5.92,16-20 years
395075,506614,9121248,19721,17780,35143,1115874,1286024,-170150,100,2007,3.51,6.94,12.23,14.1,4.99,21-25 years
262780,379517,7733989,13737,16093,26199,928135,1015991,-87856,110,2007,4.24,6.9,12.0,13.14,5.23,26+ years
567741,1632255,56883362,25329,107817,124598,6762873,7246377,-483504,150,2007,6.61,7.63,11.89,12.74,4.46,Left Censored
5230315,6873725,119550548,495527,710589,751123,16947369,17113323,-165954,1,2008,10.34,10.93,14.18,14.31,9.47,Total
471285,476890,2528129,0,476890,0,2528138,0,2527996,10,2008,100.0,0.0,100.0,0.0,0.0,0 (Startups)
382498,388794,2545461,101119,1835,126982,659050,791183,-132133,20,2008,0.47,32.66,25.89,31.08,26.44,1 year
339701,347508,2512206,65058,12096,81399,497006,745627,-248621,30,2008,3.48,23.42,19.78,29.68,19.15,2 years
293725,304776,2527146,45858,9788,56892,443931,612765,-168834,40,2008,3.21,18.67,17.57,24.25,15.61,3 years
259871,269323,2383698,35765,9521,44852,392067,533908,-141841,50,2008,3.54,16.65,16.45,22.4,13.76,4 years
220895,231400,2149061,26557,8513,34189,334852,487155,-152303,60,2008,3.68,14.77,15.58,22.67,12.02,5 years
1496690,1541801,12117572,274357,41753,344314,2326360,3170135,-843775,65,2008,2.71,22.33,19.2,26.16,18.33,1-5 years
865877,937840,10631066,81419,33277,109921,1498351,1918218,-419867,70,2008,3.55,11.72,14.09,18.04,9.4,6-10 years
1853630,2302621,38004171,115949,69265,187927,4627678,5403786,-776108,75,2008,3.01,8.16,12.18,14.22,6.26,11+ years
661619,759500,10078788,48581,23490,72612,1294027,1648039,-354012,80,2008,3.09,9.56,12.84,16.35,7.34,11-15 years
481155,577064,9022091,29608,16543,47173,1133855,1323279,-189424,90,2008,2.87,8.17,12.57,14.67,6.15,16-20 years
404524,525174,9931669,21401,14746,38125,1145666,1277242,-131576,100,2008,2.81,7.26,11.54,12.86,5.29,21-25 years
306332,440883,8971623,16359,14486,30017,1053871,1154380,-100509,110,2008,3.29,6.81,11.75,12.87,5.34,26+ years
542833,1614573,56269610,23802,89404,108960,5980777,6622242,-641465,150,2008,5.54,6.75,10.63,11.77,4.38,Left Censored
5088072,6737900,113657795,511115,632741,792347,13379213,19581583,-6202370,1,2009,9.39,11.76,11.77,17.23,10.05,Total
395235,400704,2193459,0,400704,0,2193461,0,2193441,10,2009,100.0,0.0,100.0,0.0,0.0,0 (Startups)
351425,358113,2261374,97127,1442,124319,538636,824255,-285619,20,2009,0.4,34.72,23.82,36.45,27.64,1 year
312354,319160,2216499,65072,13614,83410,401062,736343,-335281,30,2009,4.27,26.13,18.09,33.22,20.83,2 years
290803,299223,2213474,49296,13121,64157,347324,659754,-312430,40,2009,4.39,21.44,15.69,29.81,16.95,3 years
256244,267835,2237731,37663,10395,49377,321810,614358,-292548,50,2009,3.88,18.44,14.38,27.45,14.7,4 years
229427,239542,2108712,30285,9208,40357,276397,556847,-280450,60,2009,3.84,16.85,13.11,26.41,13.2,5 years
1440253,1483873,11037790,279443,47780,361620,1884883,3391279,-1506396,65,2009,3.22,24.37,17.08,30.72,19.4,1-5 years
843661,910023,9629460,85936,31548,120092,1116784,2178950,-1062166,70,2009,3.47,13.2,11.6,22.63,10.19,6-10 years
1888181,2357930,37157707,123449,68565,195315,3528812,6655388,-3126576,75,2009,2.91,8.28,9.5,17.91,6.54,11+ years
657945,757176,9588996,51346,23688,76109,1001825,1892130,-890305,80,2009,3.13,10.05,10.45,19.73,7.8,11-15 years
472258,562404,8030921,30781,15997,47310,784440,1526960,-742520,90,2009,2.84,8.41,9.77,19.01,6.52,16-20 years
407462,532289,9700648,22482,14384,38712,889683,1666771,-777088,100,2009,2.7,7.27,9.17,17.18,5.52,21-25 years
350516,506061,9837142,18840,14496,33184,852466,1568636,-716170,110,2009,2.86,6.56,8.67,15.95,5.37,26+ years
520742,1585370,53639379,22287,84144,115318,4663051,7358315,-2695264,150,2009,5.31,7.27,8.69,13.72,4.28,Left Censored
5016353,6669509,111274422,440076,636620,706793,13405335,15806521,-2401186,1,2010,9.55,10.6,12.05,14.2,8.77,Total
379145,387901,2251753,0,387901,0,2251753,0,2251753,10,2010,100.0,0.0,100.0,0.0,0.0,0 (Startups)
299661,306246,2041627,73046,1405,95990,490655,623175,-132520,20,2010,0.46,31.34,24.03,30.52,24.38,1 year
296518,303911,2085528,53244,15156,69200,401915,558422,-156507,30,2010,4.99,22.77,19.27,26.78,17.96,2 years
272209,279804,2062146,41188,15059,54431,340738,500760,-160022,40,2010,5.38,19.45,16.52,24.28,15.13,3 years
258463,267625,2057646,34279,14318,46334,323140,479072,-155932,50,2010,5.35,17.31,15.7,23.28,13.26,4 years
230229,242325,2090787,27385,11419,37193,304992,456267,-151275,60,2010,4.71,15.35,14.59,21.82,11.89,5 years
1357080,1399911,10337734,229142,57357,303148,1861388,2617658,-756270,65,2010,4.1,21.65,18.01,25.32,16.88,1-5 years
854941,918979,9464568,78450,39665,111596,1202227,1738674,-536447,70,2010,4.32,12.14,12.7,18.37,9.18,6-10 years
1923654,2410984,37425359,113239,80573,187087,3786739,5360184,-1573445,75,2010,3.34,7.76,10.12,14.32,5.89,11+ years
644653,739925,9089900,45966,27233,70903,1018822,1482912,-464090,80,2010,3.68,9.58,11.21,16.31,7.13,11-15 years
470835,561149,7671541,28069,17995,44361,790803,1216822,-426019,90,2010,3.21,7.91,10.31,15.86,5.96,16-20 years
389931,511428,9136738,20128,16806,35400,846939,1251586,-404647,100,2010,3.29,6.92,9.27,13.7,5.16,21-25 years
418235,598482,11527180,19076,18539,36423,1129882,1408157,-278275,110,2010,3.1,6.09,9.8,12.22,4.56,26+ years
501533,1551734,51795008,19245,71124,104962,4310671,6091760,-1781089,150,2010,4.58,6.76,8.32,11.76,3.84,Left Censored
4993099,6665520,112845202,420190,659127,662584,14728387,13166794,1561593,1,2011,9.89,9.94,13.05,11.67,8.42,Total
395680,398108,2092366,0,398108,0,2092366,0,2092366,10,2011,100.0,0.0,100.0,0.0,0.0,0 (Startups)
287826,297497,2165994,69838,1636,91236,539078,636683,-97605,20,2011,0.55,30.67,24.89,29.39,24.26,1 year
258141,265951,1974971,41751,13780,53772,407245,451770,-44525,30,2011,5.18,20.22,20.62,22.87,16.17,2 years
262373,270793,2020501,36729,14830,47857,371269,422205,-50936,40,2011,5.48,17.67,18.38,20.9,14.0,3 years
244915,253472,2002015,30530,14346,40468,335003,388669,-53666,50,2011,5.66,15.97,16.73,19.41,12.47,4 years
234215,244075,2000282,27179,13345,36775,323576,372498,-48922,60,2011,5.47,15.07,16.18,18.62,11.6,5 years
1287470,1331788,10163763,206027,57937,270108,1975997,2271585,-295588,65,2011,4.35,20.28,19.44,22.35,16.0,1-5 years
872896,935896,9540445,78437,42501,109452,1344240,1530123,-185883,70,2011,4.54,11.69,14.09,16.04,8.99,6-10 years
1955496,2468472,39025117,116316,84945,189059,4307913,4565060,-257147,75,2011,3.44,7.66,11.04,11.7,5.95,11+ years
629101,718472,8992123,44154,28668,66641,1115056,1223950,-108894,80,2011,3.99,9.28,12.4,13.61,7.02,11-15 years
472652,568538,7959485,28600,19253,44644,902788,978333,-75545,90,2011,3.39,7.85,11.34,12.29,6.05,16-20 years
386294,508896,9036365,20773,15873,35066,1012936,980178,32758,100,2011,3.12,6.89,11.21,10.85,5.38,21-25 years
467449,672566,13037144,22789,21151,42708,1276955,1382248,-105293,110,2011,3.14,6.35,9.79,10.6,4.88,26+ years
481557,1531256,52023511,19410,75636,93965,5015672,4801197,214475,150,2011,4.94,6.14,9.64,9.23,4.03,Left Censored
5039673,6710572,115314012,379599,669983,624069,15737253,13273198,2464055,1,2012,9.98,9.3,13.65,11.51,7.53,Total
408546,413208,2251564,0,413208,0,2251564,0,2251564,10,2012,100.0,0.0,100.0,0.0,0.0,0 (Startups)
307739,312654,2070283,66893,2802,87325,567480,565048,2432,20,2012,0.9,27.93,27.41,27.29,21.74,1 year
250679,260991,2155967,37650,12642,48439,439428,432047,7381,30,2012,4.84,18.56,20.38,20.04,15.02,2 years
232042,240534,1959371,28630,12060,36728,377166,370632,6534,40,2012,5.01,15.27,19.25,18.92,12.34,3 years
239667,249127,2006325,26150,13225,34466,372953,362782,10171,50,2012,5.31,13.83,18.59,18.08,10.91,4 years
225864,235065,1993206,22879,12432,30643,340662,340375,287,60,2012,5.29,13.04,17.09,17.08,10.13,5 years
1255991,1298371,10185152,182202,53161,237601,2097305,2070500,26805,65,2012,4.09,18.3,20.59,20.33,14.51,1-5 years
906461,967602,9815871,72990,44904,104384,1445570,1447358,-1788,70,2012,4.64,10.79,14.73,14.75,8.05,6-10 years
2003842,2518256,40752937,107455,85401,185229,4708550,4621528,87022,75,2012,3.39,7.36,11.55,11.34,5.36,11+ years
620599,702029,8839371,38983,27428,60692,1119497,1110621,8876,80,2012,3.91,8.65,12.66,12.56,6.28,11-15 years
483592,580745,8362492,26367,20025,43342,1022049,994329,27720,90,2012,3.45,7.46,12.22,11.89,5.45,16-20 years
379263,489426,8457253,18650,15442,33758,955515,983623,-28108,100,2012,3.16,6.9,11.3,11.63,4.92,21-25 years
520388,746056,15093821,23455,22506,47437,1611211,1532763,78448,110,2012,3.02,6.36,10.67,10.15,4.51,26+ years
464833,1513135,52308488,16952,73309,96855,5242717,5134113,108604,150,2012,4.84,6.4,10.02,9.82,3.65,Left Censored
5064208,6749685,117558012,384319,659947,619457,15523699,13326468,2197231,1,2013,9.78,9.18,13.21,11.34,7.59,Total
405350,408307,2139792,0,408307,0,2139794,0,2139778,10,2013,100.0,0.0,100.0,0.0,0.0,0 (Startups)
318148,323886,2235732,68940,1595,90587,561575,560897,678,20,2013,0.49,27.97,25.12,25.09,21.67,1 year
267696,273253,2060744,40125,12111,51377,442907,438658,4249,30,2013,4.43,18.8,21.49,21.29,14.99,2 years
224508,235337,2132451,27886,10608,36206,373934,391634,-17700,40,2013,4.51,15.38,17.54,18.37,12.42,3 years
211328,220655,1937103,22787,9928,29850,315569,339627,-24058,50,2013,4.5,13.53,16.29,17.53,10.78,4 years
220906,230995,1964724,21669,10748,28902,313853,332396,-18543,60,2013,4.65,12.51,15.97,16.92,9.81,5 years
1242586,1284126,10330754,181407,44990,236922,2007603,2063014,-55411,65,2013,3.5,18.45,19.43,19.97,14.6,1-5 years
917792,975913,9643008,73665,43751,102790,1358991,1453948,-94957,70,2013,4.48,10.53,14.09,15.08,8.03,6-10 years
2051691,2585459,42830229,111791,85370,183808,4917348,4876212,41136,75,2013,3.3,7.11,11.48,11.38,5.45,11+ years
618100,697561,8996980,38699,25761,58424,1128374,1194133,-65759,80,2013,3.69,8.38,12.54,13.27,6.26,11-15 years
495615,594707,8615610,27414,19406,43280,995261,1003253,-7992,90,2013,3.26,7.28,11.55,11.64,5.53,16-20 years
372676,470908,7909886,18828,15251,32038,954947,918355,36592,100,2013,3.24,6.8,12.07,11.61,5.05,21-25 years
565300,822283,17307753,26850,24952,50066,1838554,1760125,78429,110,2013,3.03,6.09,10.62,10.17,4.75,26+ years
446789,1495880,52614229,17456,77529,95936,5104394,4933923,170471,150,2013,5.18,6.41,9.7,9.38,3.91,Left Censored
5100719,6822436,120072493,381685,672292,600814,15584293,13028978,2555315,1,2014,9.85,8.81,12.98,10.85,7.48,Total
411948,417576,2279609,0,417576,0,2279609,0,2279609,10,2014,100.0,0.0,100.0,0.0,0.0,0 (Startups)
315861,319958,2145837,67959,1279,89404,570217,574809,-4592,20,2014,0.4,27.94,26.57,26.79,21.52,1 year
276909,283701,2247619,41141,12575,52944,457532,439883,17649,30,2014,4.43,18.66,20.36,19.57,14.86,2 years
239307,245623,2046648,29769,10536,38297,365633,380146,-14513,40,2014,4.29,15.59,17.86,18.57,12.44,3 years
204126,215857,2127874,22152,9640,28936,360184,355982,4202,50,2014,4.47,13.41,16.93,16.73,10.85,4 years
194245,204840,1936807,18840,9215,24945,309020,305976,3044,60,2014,4.5,12.18,15.96,15.8,9.7,5 years
1230448,1269979,10504785,179861,43245,234526,2062435,2056621,5814,65,2014,3.41,18.47,19.63,19.58,14.62,1-5 years
928011,986923,9829696,72837,42117,100655,1404736,1383396,21340,70,2014,4.27,10.2,14.29,14.07,7.85,6-10 years
2099777,2661031,44773296,112522,91045,178203,5013167,4846764,166403,75,2014,3.42,6.7,11.2,10.83,5.36,11+ years
618602,695235,8880383,37895,25894,55335,1060551,1090063,-29512,80,2014,3.72,7.96,11.94,12.27,6.13,11-15 years
503334,607252,9039324,27237,21474,42496,1063843,977688,86155,90,2014,3.54,7.0,11.77,10.82,5.41,16-20 years
370630,463656,7658659,18528,13581,29157,872338,912613,-40275,100,2014,2.93,6.29,11.39,11.92,5.0,21-25 years
607211,894888,19194930,28862,30096,51215,2016160,1866098,150062,110,2014,3.36,5.72,10.5,9.72,4.75,26+ years
430535,1486927,52685107,16465,78309,87430,4830603,4742323,88280,150,2014,5.27,5.88,9.17,9.0,3.82,Left Censored
5146908,6906444,123177478,382811,688197,604856,16280640,13180610,3100030,1,2015,9.96,8.76,13.22,10.7,7.44,Total
421155,425947,2307505,0,425947,0,2307504,0,2307501,10,2015,100.0,0.0,100.0,0.0,0.0,0 (Startups)
324258,331171,2304929,66555,1652,87749,595988,548127,47861,20,2015,0.5,26.5,25.86,23.78,20.53,1 year
276672,282185,2130443,39585,13129,51066,441102,442957,-1855,30,2015,4.65,18.1,20.7,20.79,14.31,2 years
248906,256622,2247083,30041,11795,38819,412866,410885,1981,40,2015,4.6,15.13,18.37,18.29,12.07,3 years
218195,225160,2041384,23336,9754,30219,355216,355421,-205,50,2015,4.33,13.42,17.4,17.41,10.7,4 years
187799,200487,2142545,18179,8753,24146,336258,338956,-2698,60,2015,4.37,12.04,15.69,15.82,9.68,5 years
1255830,1295625,10866384,177696,45083,231999,2141361,2096315,45046,65,2015,3.48,17.91,19.71,19.29,14.15,1-5 years
902230,961900,9852496,70882,40460,96987,1387617,1379553,8064,70,2015,4.21,10.08,14.08,14.0,7.86,6-10 years
2153594,2754955,47115002,117955,93937,184539,5155362,4873849,281513,75,2015,3.41,6.7,10.94,10.34,5.48,11+ years
636010,714008,9241814,39263,26610,56463,1124586,1070241,54345,80,2015,3.73,7.91,12.17,11.58,6.17,11-15 years
499673,603056,9014523,27511,21557,42344,1097197,982458,114739,90,2015,3.57,7.02,12.17,10.9,5.51,16-20 years
371064,468688,7745402,19293,14376,29919,789839,800709,-10870,100,2015,3.07,6.38,10.2,10.34,5.2,21-25 years
646847,969203,21113263,31888,31394,55813,2143524,2020100,123424,110,2015,3.24,5.76,10.15,9.57,4.93,26+ years
414099,1468017,53036091,16278,82770,91330,5304556,4831334,473222,150,2015,5.64,6.22,10.0,9.11,3.93,Left Censored
5212130,7032104,125689404,384550,710442,584936,16031854,13534480,2497374,1,2016,10.1,8.32,12.76,10.77,7.38,Total
442414,446011,2329594,0,446011,0,2329594,0,2329592,10,2016,100.0,0.0,100.0,0.0,0.0,0 (Startups)
330649,336867,2320276,68615,1806,90368,597994,564179,33815,20,2016,0.54,26.83,25.77,24.32,20.75,1 year
285127,293698,2304360,39665,13656,51065,472696,467170,5526,30,2016,4.65,17.39,20.51,20.27,13.91,2 years
248833,255524,2092307,29799,11494,38171,370022,396404,-26382,40,2016,4.5,14.94,17.68,18.95,11.98,3 years
227444,236645,2250454,23702,10918,30853,389685,375779,13906,50,2016,4.61,13.04,17.32,16.7,10.42,4 years
200791,208994,2039192,19394,9048,25250,324940,333714,-8774,60,2016,4.33,12.08,15.93,16.37,9.66,5 years
1292844,1331728,11006589,181175,46922,235707,2154777,2136823,17954,65,2016,3.52,17.7,19.58,19.41,14.01,1-5 years
868294,932182,9900321,67129,39410,91956,1404421,1431207,-26786,70,2016,4.23,9.86,14.19,14.46,7.73,6-10 years
2210160,2845689,49215289,120668,96335,186137,5389397,5410127,-20730,75,2016,3.39,6.54,10.95,10.99,5.46,11+ years
657101,733510,9429967,40190,26012,57901,1135171,1208898,-73727,80,2016,3.55,7.89,12.04,12.82,6.12,11-15 years
492789,591951,8970481,26908,20461,40708,1014684,983849,30835,90,2016,3.46,6.88,11.31,10.97,5.46,16-20 years
375409,480370,8030824,19431,15598,30467,889821,1017981,-128160,100,2016,3.25,6.34,11.08,12.68,5.18,21-25 years
684861,1039858,22784017,34139,34264,57061,2349572,2198602,150970,110,2016,3.3,5.49,10.31,9.65,4.98,26+ years
398418,1476494,53237611,15578,81764,71135,4771425,4557732,213693,150,2016,5.54,4.82,8.96,8.56,3.91,Left Censored
5246978,7073622,127427446,392222,682347,640236,17103320,15109727,1993593,1,2017,9.65,9.05,13.42,11.86,7.48,Total
439859,444591,2318724,0,444591,0,2318722,0,2318668,10,2017,100.0,0.0,100.0,0.0,0.0,0 (Startups)
346249,352484,2344679,72089,2851,95590,634952,592867,42085,20,2017,0.81,27.12,27.08,25.29,20.82,1 year
289761,296951,2322679,39992,12791,52266,480788,462998,17790,30,2017,4.31,17.6,20.7,19.93,13.8,2 years
255829,265254,2262208,30121,11499,39366,426279,435026,-8747,40,2017,4.34,14.84,18.84,19.23,11.77,3 years
226311,233617,2041132,23745,9720,31166,336575,372941,-36366,50,2017,4.16,13.34,16.49,18.27,10.49,4 years
208273,218460,2231534,20221,9275,27174,388863,389284,-421,60,2017,4.25,12.44,17.43,17.44,9.71,5 years
1326423,1366766,11202232,186168,46136,245562,2266651,2252562,14089,65,2017,3.38,17.97,20.23,20.11,14.04,1-5 years
837547,900951,9810368,64987,33474,90820,1373621,1490960,-117339,70,2017,3.72,10.08,14.0,15.2,7.76,6-10 years
2260402,2918329,51051961,126166,97201,209324,6014081,6046043,-31962,75,2017,3.33,7.17,11.78,11.84,5.58,11+ years
680647,758124,9613493,42187,26647,63335,1245950,1353876,-107926,80,2017,3.51,8.35,12.96,14.08,6.2,11-15 years
482679,580653,8803830,27190,19886,42459,1072036,1108826,-36790,90,2017,3.42,7.31,12.18,12.59,5.63,16-20 years
381465,490612,8587686,20219,14883,33012,1056849,966443,90406,100,2017,3.03,6.73,12.31,11.25,5.3,21-25 years
715611,1088940,24046952,36570,35785,70518,2638882,2616987,21895,110,2017,3.29,6.48,10.97,10.88,5.11,26+ years
382747,1442985,53044161,14901,60945,94528,5153704,5325449,-171745,150,2017,4.22,6.55,9.72,10.04,3.89,Left Censored
5281916,7100785,129626237,394215,666736,630485,16443509,14325324,2118185,1,2018,9.39,8.88,12.69,11.05,7.46,Total
442078,445425,2436152,0,445425,0,2436152,0,2436152,10,2018,100.0,0.0,100.0,0.0,0.0,0 (Startups)
344298,349824,2369324,70146,1207,94010,633094,581499,51595,20,2018,0.35,26.87,26.72,24.54,20.37,1 year
303383,309808,2308235,41326,13067,54301,459838,485391,-25553,30,2018,4.22,17.53,19.92,21.03,13.62,2 years
260331,268315,2280824,29813,11746,39095,399564,426412,-26848,40,2018,4.38,14.57,17.52,18.7,11.45,3 years
231927,242368,2238382,23682,9648,31443,361442,388919,-27477,50,2018,3.98,12.97,16.15,17.38,10.21,4 years
207326,215183,2035885,19812,8692,26307,328836,339345,-10509,60,2018,4.04,12.23,16.15,16.67,9.56,5 years
1347265,1385498,11232650,184779,44360,245156,2181915,2220893,-38978,65,2018,3.2,17.69,19.42,19.77,13.72,1-5 years
824361,885241,10068470,64219,32694,91329,1417749,1474647,-56898,70,2018,3.69,10.32,14.08,14.65,7.79,6-10 years
2300295,2972137,52811724,130668,88857,209337,5736324,5978788,-242464,75,2018,2.99,7.04,10.86,11.32,5.68,11+ years
688111,758986,9416241,43146,24282,62540,1153254,1215915,-62661,80,2018,3.2,8.24,12.25,12.91,6.27,11-15 years
480243,574013,8887299,26836,17283,41301,1012375,1131582,-119207,90,2018,3.01,7.2,11.39,12.73,5.59,16-20 years
389560,502757,8837006,21494,14963,34492,1031211,1069339,-38128,100,2018,2.98,6.86,11.67,12.1,5.52,21-25 years
742381,1136381,25671178,39192,32329,71004,2538903,2561227,-22324,110,2018,2.84,6.25,9.89,9.98,5.28,26+ years
367917,1412484,53077241,14549,55400,84663,4691322,4656623,34699,150,2018,3.92,5.99,8.84,8.77,3.95,Left Censored
5330349,7177066,131831587,404886,686264,609392,15804059,13523236,2280823,1,2019,9.56,8.49,11.99,10.26,7.6,Total
453027,456795,2445568,0,456795,0,2445568,0,2445567,10,2019,100.0,0.0,100.0,0.0,0.0,0 (Startups)
346497,351094,2457926,71263,1453,94970,641515,613686,27829,20,2019,0.41,27.05,26.1,24.97,20.57,1 year
303824,309880,2354941,41177,13793,53685,467016,475753,-8737,30,2019,4.45,17.32,19.83,20.2,13.55,2 years
273416,280517,2281810,31772,12314,41525,399793,415862,-16069,40,2019,4.39,14.8,17.52,18.23,11.62,3 years
238073,246891,2247312,24403,10759,31942,359375,386115,-26740,50,2019,4.36,12.94,15.99,17.18,10.25,4 years
213347,224310,2202279,20318,9010,26814,317012,355600,-38588,60,2019,4.02,11.95,14.39,16.15,9.52,5 years
1375157,1412692,11544268,188933,47329,248936,2184223,2246649,-62426,65,2019,3.35,17.62,18.92,19.46,13.74,1-5 years
815413,873838,10049599,64662,33845,86575,1340790,1427880,-87090,70,2019,3.87,9.91,13.34,14.21,7.93,6-10 years
2332554,3033963,54759826,137337,95163,208099,5577480,5646840,-69360,75,2019,3.14,6.86,10.19,10.31,5.89,11+ years
692449,763570,9314734,45194,26141,63316,1088881,1217655,-128774,80,2019,3.42,8.29,11.69,13.07,6.53,11-15 years
478203,571112,8802142,27879,18158,40785,943778,987618,-43840,90,2019,3.18,7.14,10.72,11.22,5.83,16-20 years
393547,509604,9308103,22151,14154,34485,1028980,982247,46733,100,2019,2.78,6.77,11.05,10.55,5.63,21-25 years
768355,1189677,27334847,42113,36710,69513,2514839,2458497,56342,110,2019,3.09,5.84,9.2,8.99,5.48,26+ years
354198,1399778,53032326,13954,53132,65781,4274266,4207798,66468,150,2019,3.8,4.7,8.06,7.93,3.94,Left Censored
5335214,7201053,132680862,416962,692739,667817,15816694,14980733,835961,1,2020,9.62,9.27,11.92,11.29,7.82,Total
455725,461124,2398066,0,461124,0,2398066,0,2398066,10,2020,100.0,0.0,100.0,0.0,0.0,0 (Startups)
349864,354805,2406330,73170,1319,102425,585770,617409,-31639,20,2020,0.37,28.87,24.34,25.66,20.91,1 year
302314,308009,2400542,41826,14394,56939,461352,508062,-46710,30,2020,4.67,18.49,19.22,21.16,13.84,2 years
271298,278198,2308993,31826,12605,44015,400442,445379,-44937,40,2020,4.53,15.82,17.34,19.29,11.73,3 years
248095,256234,2242589,25793,11444,35817,368124,406982,-38858,50,2020,4.47,13.98,16.42,18.15,10.4,4 years
217390,226866,2175888,20919,9761,29739,322267,384683,-62416,60,2020,4.3,13.11,14.81,17.68,9.62,5 years
1388961,1424112,11534342,193534,49523,268935,2137871,2362442,-224571,65,2020,3.48,18.88,18.53,20.48,13.93,1-5 years
824657,889068,10202992,67376,37702,96900,1344846,1572142,-227296,70,2020,4.24,10.9,13.18,15.41,8.17,6-10 years
2327099,3048170,55668193,142265,93017,229122,5515090,6472719,-957629,75,2020,3.05,7.52,9.91,11.63,6.11,11+ years
665211,736463,9119589,44321,24839,66389,1026307,1256470,-230163,80,2020,3.37,9.01,11.25,13.78,6.66,11-15 years
486213,578280,8747795,29519,18455,45417,859639,1068302,-208663,90,2020,3.19,7.85,9.83,12.21,6.07,16-20 years
385667,497773,9134589,23024,15265,36897,1075428,1089778,-14350,100,2020,3.07,7.41,11.77,11.93,5.97,21-25 years
790008,1235654,28666220,45401,34458,80419,2552208,3057676,-505468,110,2020,2.79,6.51,8.9,10.67,5.75,26+ years
338772,1378579,52877269,13787,51373,72860,4438446,4580175,-141729,150,2020,3.73,5.29,8.39,8.66,4.07,Left Censored
5391471,7253521,127222136,421453,783793,730639,15069167,20587364,-5518197,1,2021,10.81,10.07,11.84,16.18,7.82,Total
485256,488512,2232023,0,488512,0,2232023,0,2232023,10,2021,100.0,0.0,100.0,0.0,0.0,0 (Startups)
352629,359420,2345538,73625,1798,102980,625828,654022,-28194,20,2021,0.5,28.65,26.68,27.88,20.88,1 year
314221,320118,2270949,38922,20956,55089,459864,575697,-115833,30,2021,6.55,17.21,20.25,25.35,12.39,2 years
275731,282179,2256179,29465,16793,42385,409187,542321,-133134,40,2021,5.95,15.02,18.14,24.04,10.69,3 years
250416,259019,2174227,24386,15767,34843,380837,505853,-125016,50,2021,6.09,13.45,17.52,23.27,9.74,4 years
229781,239450,2098820,21165,13676,30500,332431,473160,-140729,60,2021,5.71,12.74,15.84,22.54,9.21,5 years
1422778,1460186,11145713,187563,68990,265797,2208000,2750995,-542995,65,2021,4.72,18.2,19.81,24.68,13.18,1-5 years
849458,907720,9609121,68002,45644,101132,1325323,1998629,-673306,70,2021,5.03,11.14,13.79,20.8,8.01,6-10 years
2311144,3057576,54000043,151504,120850,266334,5298618,9107076,-3808458,75,2021,3.95,8.71,9.81,16.86,6.56,11+ years
633589,712498,8625471,44001,31511,69728,1029836,1683122,-653286,80,2021,4.42,9.79,11.94,19.51,6.94,11-15 years
495790,584400,8424558,31923,24463,52470,916332,1456039,-539707,90,2021,4.19,8.98,10.88,17.28,6.44,16-20 years
374181,481385,7938716,24071,19416,43168,769509,1453822,-684313,100,2021,4.03,8.97,9.69,18.31,6.43,21-25 years
807584,1279293,29011298,51509,45460,100968,2583136,4513946,-1930810,110,2021,3.55,7.89,8.9,15.56,6.38,26+ years
322835,1339527,50235236,14384,59797,97376,4025616,6736555,-2710939,150,2021,4.46,7.27,8.01,13.41,4.46,Left Censored
5541603,7408649,134143137,450039,854030,697225,21652177,14567755,7084422,1,2022,11.53,9.41,16.14,10.86,8.12,Total
521312,526493,2499668,0,526493,0,2499668,0,2499661,10,2022,100.0,0.0,100.0,0.0,0.0,0 (Startups)
365947,371998,2339969,98232,3179,118371,738206,602904,135302,20,2022,0.85,31.82,31.55,25.77,26.84,1 year
322629,331008,2573727,40890,23278,50674,692455,436084,256371,30,2022,7.03,15.31,26.9,16.94,12.67,2 years
292322,300094,2435777,30909,19548,38836,567285,367665,199620,40,2022,6.51,12.94,23.29,15.09,10.57,3 years
259082,268361,2490074,24712,18050,31328,597829,346807,251022,50,2022,6.73,11.67,24.01,13.93,9.54,4 years
235890,245310,2324742,21398,14078,27414,492753,322633,170120,60,2022,5.74,11.18,21.2,13.88,9.07,5 years
1475870,1516771,12164289,216141,78133,266623,3088102,2075428,1012674,65,2022,5.15,17.58,25.39,17.06,14.64,1-5 years
892416,953333,10618185,70323,50801,92472,2037602,1361130,676472,70,2022,5.33,9.7,19.19,12.82,7.88,6-10 years
2339881,3096790,57534522,150991,135672,246277,8282364,6330900,1951464,75,2022,4.38,7.95,14.4,11.0,6.45,11+ years
617368,693313,9106377,42497,32216,59960,1518415,1096137,422278,80,2022,4.65,8.65,16.67,12.04,6.88,11-15 years
517583,604086,8885119,33373,26826,49436,1352250,1074063,278187,90,2022,4.44,8.18,15.22,12.09,6.45,16-20 years
368960,477412,8140209,23401,22164,37537,1166730,904715,262015,100,2022,4.64,7.86,14.33,11.11,6.34,21-25 years
835970,1321979,31402817,51720,54466,99344,4244745,3255950,988795,110,2022,4.12,7.51,13.52,10.37,6.19,26+ years
312124,1315262,51326473,12584,62931,91852,5768727,4804006,964721,150,2022,4.78,6.98,11.24,9.36,4.03,Left Censored
5593727,7494983,137462444,523958,790295,699980,18450927,15011588,3439339,1,2023,10.54,9.34,13.42,10.92,9.37,Total
508777,512859,2440753,0,512859,0,2440753,0,2440753,10,2023,100.0,0.0,100.0,0.0,0.0,0 (Startups)
400710,407410,2521272,106493,1917,119741,675445,626074,49371,20,2023,0.47,29.39,26.79,24.83,26.58,1 year
318143,325421,2320821,55846,17001,63040,485928,500664,-14736,30,2023,5.22,19.37,20.94,21.57,17.55,2 years
290799,300198,2552203,38712,14490,44228,461963,468648,-6685,40,2023,4.83,14.73,18.1,18.36,13.31,3 years
267374,275990,2455957,31256,12778,36066,442612,415207,27405,50,2023,4.63,13.07,18.02,16.91,11.69,4 years
239052,249607,2442398,25810,11462,29892,391038,403116,-12078,60,2023,4.59,11.98,16.01,16.5,10.8,5 years
1516078,1558626,12292651,258117,57648,292967,2456314,2413109,43205,65,2023,3.7,18.8,19.98,19.63,17.03,1-5 years
914911,977224,10752243,84448,41596,99622,1586222,1645525,-59303,70,2023,4.26,10.19,14.75,15.3,9.23,6-10 years
2353681,3136180,59643928,167971,119454,242946,6806494,6801725,4769,75,2023,3.81,7.75,11.41,11.4,7.14,11+ years
607426,685023,9312301,46822,26982,59523,1185266,1258537,-73271,80,2023,3.94,8.69,12.73,13.51,7.71,11-15 years
520898,605205,8815380,37935,23588,48486,1098533,1089796,8737,90,2023,3.9,8.01,12.46,12.36,7.28,16-20 years
365895,468927,8233629,25634,16445,36008,929002,973525,-44523,100,2023,3.51,7.68,11.28,11.82,7.01,21-25 years
859462,1377025,33282618,57580,52439,98929,3593798,3479873,113925,110,2023,3.81,7.18,10.8,10.46,6.7,26+ years
300280,1310094,52332869,13422,58738,64445,5177489,4158822,1018667,150,2023,4.48,4.92,9.89,7.95,4.47,Left Censored
